"1","Miss","Piyaluk Tunsirichaiya","Thailand","084-091-9905"
"2","Miss","Sasikarn Angkanakorn","Thailand",
"3","Mrs","Laliphat Chaiponchaleum","Thailand",
"4","Miss","Suthada Thummawong","Thailand","083-044-2234"
"5","Miss","Ananya Pattanapunyapirom","Thailand","063-044-5434"
"6","Mr","Warakorn Inthong","Thailand","097-785-2822"
"7","Mr","Odeen Harry","United States","139-332-7687"
"8","Mrs","Odeen Sara","United States","134-332-7237"
"9","Mr","Kim Oreo","Korea","332-141-3455"
"10","Mr","Thomas Muller","Germany","332-141-3455"
"11","Mr","Nobi Doraemon","Japan","733-113-4533"
"12","Mr","Kasidit Sang-uthai","Thailand","084-332-4211"
"13","Miss","Smith Noey","United States","043-455-6633"
"14","Mr","Smith Waru","United States",
"15","Miss","Koof Lava","Italy","234-333-4178"
